Date,Open,Close,Max,Min,Volume(mln. PLN),Change(%)
2021-09-08,185,178.5,185,178.3,84.3,-3.51
2021-09-07,186.9,185,187.58,181.8,78.26,-1.6
2021-09-06,187.34,188,189.2,185.02,55.91,0.52
2021-09-03,189.98,187.02,192.06,185,80.18,-1.56
2021-09-02,180,189.98,192.96,179.6,303.92,11.52
2021-09-01,171,170.36,173.9,169.4,75.35,0.61
2021-08-31,167.78,169.32,172.62,167.28,121.62,1.01
2021-08-30,167.88,167.62,169.88,164.4,73.52,-0.1
2021-08-27,168.22,167.78,168.48,165.5,34.29,-0.15
